druh_duchodu_kod,druh_duchodu,pohlavi_kod,pohlavi,referencni_obdobi,prumerna_vyse_duchodu_u_nove_priznanych_duchodu
PK_D,Sirotčí důchod,T,Celkem,2008,5105.3683510638302323
PK_D,Sirotčí důchod,T,Celkem,2009,5396.6610555050046969
PK_D,Sirotčí důchod,T,Celkem,2010,5568.4990006662228552
PK_D,Sirotčí důchod,T,Celkem,2011,5747.8588797221018467
PK_D,Sirotčí důchod,T,Celkem,2012,5533.5277214956713578
PK_D,Sirotčí důchod,T,Celkem,2013,5819.9535691039272933
PK_D,Sirotčí důchod,T,Celkem,2014,5837.0243445692885871
PK_D,Sirotčí důchod,T,Celkem,2015,5936.6988660226797947
PK_D,Sirotčí důchod,T,Celkem,2016,5981.501252562058653
PK_D,Sirotčí důchod,T,Celkem,2017,6306.4115087040618164
PK_D,Sirotčí důchod,T,Celkem,2018,6509.5076855511633767
PK_D,Sirotčí důchod,T,Celkem,2019,7411.7908808784914072
PK_D,Sirotčí důchod,T,Celkem,2020,7834.8387242705266544
PK_D,Sirotčí důchod,T,Celkem,2021,8157.3658287349271632
PK_D,Sirotčí důchod,T,Celkem,2022,9242.2981914424399292
PK_D,Sirotčí důchod,T,Celkem,2023,9880.3927003927001351
PK_D,Sirotčí důchod,T,Celkem,2024,10005.831994928099448
PK_D,Sirotčí důchod,T,Celkem,2025,10650.481822070099952
PK_I,Plný invalidní důchod,F,Žena,2008,9459.1767498343997431
PK_I,Plný invalidní důchod,F,Žena,2009,10111.365373344273394
PK_I,Plný invalidní důchod,M,Muž,2008,10560.858355604465032
PK_I,Plný invalidní důchod,M,Muž,2009,11272.891421234251538
PK_I,Plný invalidní důchod,T,Celkem,2008,10102.68425160697916
PK_I,Plný invalidní důchod,T,Celkem,2009,10800.85546875
PK_IC,Částečný invalidní důchod,F,Žena,2008,5610.749070484929689
PK_IC,Částečný invalidní důchod,F,Žena,2009,6061.739464201786177
PK_IC,Částečný invalidní důchod,M,Muž,2008,6249.7887323943659794
PK_IC,Částečný invalidní důchod,M,Muž,2009,6713.7293854748604645
PK_IC,Částečný invalidní důchod,T,Celkem,2008,5937.2534143227458117
PK_IC,Částečný invalidní důchod,T,Celkem,2009,6395.9368867168113866
PK_ID,Invalidní důchod druhého stupně,F,Žena,2010,6069.3766105054510263
PK_ID,Invalidní důchod druhého stupně,F,Žena,2011,6241.9945732609767219
PK_ID,Invalidní důchod druhého stupně,F,Žena,2012,6310.3202386872198986
PK_ID,Invalidní důchod druhého stupně,F,Žena,2013,6443.4693983402485173
PK_ID,Invalidní důchod druhého stupně,F,Žena,2014,6483.2993782879002538
PK_ID,Invalidní důchod druhého stupně,F,Žena,2015,6606.602983638113983
PK_ID,Invalidní důchod druhého stupně,F,Žena,2016,6727.6475875118258045
PK_ID,Invalidní důchod druhého stupně,F,Žena,2017,6977.634624816086216
PK_ID,Invalidní důchod druhého stupně,F,Žena,2018,7382.9192386831273325
PK_ID,Invalidní důchod druhého stupně,F,Žena,2019,8425.6631744368787622
PK_ID,Invalidní důchod druhého stupně,F,Žena,2020,8959.2066549912433402
PK_ID,Invalidní důchod druhého stupně,F,Žena,2021,9058.4924160346690769
PK_ID,Invalidní důchod druhého stupně,F,Žena,2022,10587.859966120800891
PK_ID,Invalidní důchod druhého stupně,F,Žena,2023,10774.449182243000905
PK_ID,Invalidní důchod druhého stupně,F,Žena,2024,11139.218623481800023
PK_ID,Invalidní důchod druhého stupně,F,Žena,2025,11783.139957265000703
PK_ID,Invalidní důchod druhého stupně,M,Muž,2010,6589.4951585976623392
PK_ID,Invalidní důchod druhého stupně,M,Muž,2011,6850.7051553672317823
PK_ID,Invalidní důchod druhého stupně,M,Muž,2012,6844.1889679715304737
PK_ID,Invalidní důchod druhého stupně,M,Muž,2013,7017.1342105263156554
PK_ID,Invalidní důchod druhého stupně,M,Muž,2014,6997.7696476964765679
PK_ID,Invalidní důchod druhého stupně,M,Muž,2015,7214.1169783645027564
PK_ID,Invalidní důchod druhého stupně,M,Muž,2016,7351.3869863013696886
PK_ID,Invalidní důchod druhého stupně,M,Muž,2017,7634.1271963330782455
PK_ID,Invalidní důchod druhého stupně,M,Muž,2018,7994.7803873094353548
PK_ID,Invalidní důchod druhého stupně,M,Muž,2019,9033.8875106928990135
PK_ID,Invalidní důchod druhého stupně,M,Muž,2020,9624.3977591036418744
PK_ID,Invalidní důchod druhého stupně,M,Muž,2021,9771.9154078549854603
PK_ID,Invalidní důchod druhého stupně,M,Muž,2022,11337.230404823400022
PK_ID,Invalidní důchod druhého stupně,M,Muž,2023,11389.88376470590083
PK_ID,Invalidní důchod druhého stupně,M,Muž,2024,11584.399593289299446
PK_ID,Invalidní důchod druhého stupně,M,Muž,2025,12466.185365853700205
PK_ID,Invalidní důchod druhého stupně,T,Celkem,2010,6380.1196888090962602
PK_ID,Invalidní důchod druhého stupně,T,Celkem,2011,6596.7729985593741731
PK_ID,Invalidní důchod druhého stupně,T,Celkem,2012,6621.494503215100849
PK_ID,Invalidní důchod druhého stupně,T,Celkem,2013,6776.0649520488232156
PK_ID,Invalidní důchod druhého stupně,T,Celkem,2014,6767.6118955926403942
PK_ID,Invalidní důchod druhého stupně,T,Celkem,2015,6951.3877211238295786
PK_ID,Invalidní důchod druhého stupně,T,Celkem,2016,7073.3218051455078239
PK_ID,Invalidní důchod druhého stupně,T,Celkem,2017,7346.6914322525226453
PK_ID,Invalidní důchod druhého stupně,T,Celkem,2018,7722.6554564172956816
PK_ID,Invalidní důchod druhého stupně,T,Celkem,2019,8760.4944666823648731
PK_ID,Invalidní důchod druhého stupně,T,Celkem,2020,9328.8147859922173666
PK_ID,Invalidní důchod druhého stupně,T,Celkem,2021,9455.5620946432864002
PK_ID,Invalidní důchod druhého stupně,T,Celkem,2022,11012.985340825800449
PK_ID,Invalidní důchod druhého stupně,T,Celkem,2023,11115.287985405300788
PK_ID,Invalidní důchod druhého stupně,T,Celkem,2024,11376.142586580099305
PK_ID,Invalidní důchod druhého stupně,T,Celkem,2025,12140.162672106100217
PK_IP,Invalidní důchod prvního stupně,F,Žena,2010,4801.5563380281691934
PK_IP,Invalidní důchod prvního stupně,F,Žena,2011,4839.4108751608755483
PK_IP,Invalidní důchod prvního stupně,F,Žena,2012,4871.9934421841544463
PK_IP,Invalidní důchod prvního stupně,F,Žena,2013,4991.4573568159757997
PK_IP,Invalidní důchod prvního stupně,F,Žena,2014,5015.7824356263217851
PK_IP,Invalidní důchod prvního stupně,F,Žena,2015,5138.3246139663515351
PK_IP,Invalidní důchod prvního stupně,F,Žena,2016,5227.3146486423493116
PK_IP,Invalidní důchod prvního stupně,F,Žena,2017,5465.8105776869824695
PK_IP,Invalidní důchod prvního stupně,F,Žena,2018,5820.1572421784476319
PK_IP,Invalidní důchod prvního stupně,F,Žena,2019,6653.7239939696164583
PK_IP,Invalidní důchod prvního stupně,F,Žena,2020,7061.2101622772015617
PK_IP,Invalidní důchod prvního stupně,F,Žena,2021,7247.0639102329550951
PK_IP,Invalidní důchod prvního stupně,F,Žena,2022,8308.0754223173898936
PK_IP,Invalidní důchod prvního stupně,F,Žena,2023,8543.1137679335497523
PK_IP,Invalidní důchod prvního stupně,F,Žena,2024,8765.9491221325097285
PK_IP,Invalidní důchod prvního stupně,F,Žena,2025,9396.4147189260402229
PK_IP,Invalidní důchod prvního stupně,M,Muž,2010,5256.8875187969924809
PK_IP,Invalidní důchod prvního stupně,M,Muž,2011,5237.3684210526316747
PK_IP,Invalidní důchod prvního stupně,M,Muž,2012,5256.6566510644724985
PK_IP,Invalidní důchod prvního stupně,M,Muž,2013,5405.6020251610925698
PK_IP,Invalidní důchod prvního stupně,M,Muž,2014,5421.6900869052878988
PK_IP,Invalidní důchod prvního stupně,M,Muž,2015,5541.79997206313692
PK_IP,Invalidní důchod prvního stupně,M,Muž,2016,5664.528884056001516
PK_IP,Invalidní důchod prvního stupně,M,Muž,2017,5919.9452666852830589
PK_IP,Invalidní důchod prvního stupně,M,Muž,2018,6274.2534548662160887
PK_IP,Invalidní důchod prvního stupně,M,Muž,2019,7136.3505830903786773
PK_IP,Invalidní důchod prvního stupně,M,Muž,2020,7567.1058766391452082
PK_IP,Invalidní důchod prvního stupně,M,Muž,2021,7708.0902560899439777
PK_IP,Invalidní důchod prvního stupně,M,Muž,2022,8814.0443297403999168
PK_IP,Invalidní důchod prvního stupně,M,Muž,2023,9038.4702462380300858
PK_IP,Invalidní důchod prvního stupně,M,Muž,2024,9219.2503775801305892
PK_IP,Invalidní důchod prvního stupně,M,Muž,2025,9816.5547012654205901
PK_IP,Invalidní důchod prvního stupně,T,Celkem,2010,5041.6032979229430566
PK_IP,Invalidní důchod prvního stupně,T,Celkem,2011,5039.2502002242508752
PK_IP,Invalidní důchod prvního stupně,T,Celkem,2012,5052.7401206101458229
PK_IP,Invalidní důchod prvního stupně,T,Celkem,2013,5188.0772816665448772
PK_IP,Invalidní důchod prvního stupně,T,Celkem,2014,5201.6272592392770093
PK_IP,Invalidní důchod prvního stupně,T,Celkem,2015,5320.7126981120163691
PK_IP,Invalidní důchod prvního stupně,T,Celkem,2016,5429.133266407328847
PK_IP,Invalidní důchod prvního stupně,T,Celkem,2017,5669.4362361485009387
PK_IP,Invalidní důchod prvního stupně,T,Celkem,2018,6020.3103291861070829
PK_IP,Invalidní důchod prvního stupně,T,Celkem,2019,6867.5597106503910254
PK_IP,Invalidní důchod prvního stupně,T,Celkem,2020,7289.3896312522820153
PK_IP,Invalidní důchod prvního stupně,T,Celkem,2021,7449.2424159419297212
PK_IP,Invalidní důchod prvního stupně,T,Celkem,2022,8530.3669712532500853
PK_IP,Invalidní důchod prvního stupně,T,Celkem,2023,8753.1213571117896208
PK_IP,Invalidní důchod prvního stupně,T,Celkem,2024,8962.2303444266799488
PK_IP,Invalidní důchod prvního stupně,T,Celkem,2025,9576.2401617989908118
PK_IT,Invalidní důchod třetího stupně,F,Žena,2010,9930.2993899577668344
PK_IT,Invalidní důchod třetího stupně,F,Žena,2011,10307.287325324834455
PK_IT,Invalidní důchod třetího stupně,F,Žena,2012,10361.654490868151697
PK_IT,Invalidní důchod třetího stupně,F,Žena,2013,10620.911542338710206
PK_IT,Invalidní důchod třetího stupně,F,Žena,2014,10646.890791300324054
PK_IT,Invalidní důchod třetího stupně,F,Žena,2015,10889.422556390976752
PK_IT,Invalidní důchod třetího stupně,F,Žena,2016,10972.536214389183442
PK_IT,Invalidní důchod třetího stupně,F,Žena,2017,11579.233656475267708
PK_IT,Invalidní důchod třetího stupně,F,Žena,2018,12198.836745987824543
PK_IT,Invalidní důchod třetího stupně,F,Žena,2019,13652.180461329715399
PK_IT,Invalidní důchod třetího stupně,F,Žena,2020,14475.53490453460654
PK_IT,Invalidní důchod třetího stupně,F,Žena,2021,14574.663420223430876
PK_IT,Invalidní důchod třetího stupně,F,Žena,2022,17398.821438263199525
PK_IT,Invalidní důchod třetího stupně,F,Žena,2023,17228.486906474801799
PK_IT,Invalidní důchod třetího stupně,F,Žena,2024,17872.523268698099855
PK_IT,Invalidní důchod třetího stupně,F,Žena,2025,19293.042790951200004
PK_IT,Invalidní důchod třetího stupně,M,Muž,2010,10857.846450369419472
PK_IT,Invalidní důchod třetího stupně,M,Muž,2011,11231.734913058302482
PK_IT,Invalidní důchod třetího stupně,M,Muž,2012,11253.016660820765537
PK_IT,Invalidní důchod třetího stupně,M,Muž,2013,11487.871297792138648
PK_IT,Invalidní důchod třetího stupně,M,Muž,2014,11514.596785843265025
PK_IT,Invalidní důchod třetího stupně,M,Muž,2015,11799.580610218450602
PK_IT,Invalidní důchod třetího stupně,M,Muž,2016,12028.048514479127334
PK_IT,Invalidní důchod třetího stupně,M,Muž,2017,12484.65892714171423
PK_IT,Invalidní důchod třetího stupně,M,Muž,2018,13258.066110108302382
PK_IT,Invalidní důchod třetího stupně,M,Muž,2019,14864.569101907864024
PK_IT,Invalidní důchod třetího stupně,M,Muž,2020,15667.139320388349006
PK_IT,Invalidní důchod třetího stupně,M,Muž,2021,15936.310665712240734
PK_IT,Invalidní důchod třetího stupně,M,Muž,2022,18536.893960036300996
PK_IT,Invalidní důchod třetího stupně,M,Muž,2023,18185.976880081299896
PK_IT,Invalidní důchod třetího stupně,M,Muž,2024,18842.319564115601679
PK_IT,Invalidní důchod třetího stupně,M,Muž,2025,20500.240682094998192
PK_IT,Invalidní důchod třetího stupně,T,Celkem,2010,10480.919908466819834
PK_IT,Invalidní důchod třetího stupně,T,Celkem,2011,10852.567320261437999
PK_IT,Invalidní důchod třetího stupně,T,Celkem,2012,10885.682441488812401
PK_IT,Invalidní důchod třetího stupně,T,Celkem,2013,11127.236397945276622
PK_IT,Invalidní důchod třetího stupně,T,Celkem,2014,11134.249391480730992
PK_IT,Invalidní důchod třetího stupně,T,Celkem,2015,11418.47759471088284
PK_IT,Invalidní důchod třetího stupně,T,Celkem,2016,11565.899260042282549
PK_IT,Invalidní důchod třetího stupně,T,Celkem,2017,12080.786450826033615
PK_IT,Invalidní důchod třetího stupně,T,Celkem,2018,12782.294929157345905
PK_IT,Invalidní důchod třetího stupně,T,Celkem,2019,14304.923337091318899
PK_IT,Invalidní důchod třetího stupně,T,Celkem,2020,15132.575883297644395
PK_IT,Invalidní důchod třetího stupně,T,Celkem,2021,15317.525123665711362
PK_IT,Invalidní důchod třetího stupně,T,Celkem,2022,18018.437136852498952
PK_IT,Invalidní důchod třetího stupně,T,Celkem,2023,17737.012144110100053
PK_IT,Invalidní důchod třetího stupně,T,Celkem,2024,18378.983853890898899
PK_IT,Invalidní důchod třetího stupně,T,Celkem,2025,19930.494211474098847
PK_OLDAGE_S3,Starobní důchody celkem,F,Žena,2010,10397.111452117078443
PK_OLDAGE_S3,Starobní důchody celkem,F,Žena,2011,9973.3242455775234703
PK_OLDAGE_S3,Starobní důchody celkem,F,Žena,2012,10143.767147440528788
PK_OLDAGE_S3,Starobní důchody celkem,F,Žena,2013,10462.24259614156108
PK_OLDAGE_S3,Starobní důchody celkem,F,Žena,2014,10591.82922724825039
PK_OLDAGE_S3,Starobní důchody celkem,F,Žena,2015,11019.6880755187467
PK_OLDAGE_S3,Starobní důchody celkem,F,Žena,2016,11150.745978099228523
PK_OLDAGE_S3,Starobní důchody celkem,F,Žena,2017,11686.254530261430773
PK_OLDAGE_S3,Starobní důchody celkem,F,Žena,2018,12462.176299256192578
PK_OLDAGE_S3,Starobní důchody celkem,F,Žena,2019,14016.740667976424447
PK_OLDAGE_S3,Starobní důchody celkem,F,Žena,2020,14756.655389230192668
PK_OLDAGE_S3,Starobní důchody celkem,F,Žena,2021,14763.52021191890708
PK_OLDAGE_S3,Starobní důchody celkem,F,Žena,2022,17754.767376229599904
PK_OLDAGE_S3,Starobní důchody celkem,F,Žena,2023,15736.597698490699258
PK_OLDAGE_S3,Starobní důchody celkem,F,Žena,2024,18555.800507526400906
PK_OLDAGE_S3,Starobní důchody celkem,F,Žena,2025,20231.933716226001707
PK_OLDAGE_S3,Starobní důchody celkem,M,Muž,2010,12075.304794770669105
PK_OLDAGE_S3,Starobní důchody celkem,M,Muž,2011,11754.406466480051677
PK_OLDAGE_S3,Starobní důchody celkem,M,Muž,2012,12342.457015541789588
PK_OLDAGE_S3,Starobní důchody celkem,M,Muž,2013,12515.807062331970883
PK_OLDAGE_S3,Starobní důchody celkem,M,Muž,2014,12600.69015004636276
PK_OLDAGE_S3,Starobní důchody celkem,M,Muž,2015,13059.753445188414844
PK_OLDAGE_S3,Starobní důchody celkem,M,Muž,2016,13257.257694177480516
PK_OLDAGE_S3,Starobní důchody celkem,M,Muž,2017,13705.950205711520539
PK_OLDAGE_S3,Starobní důchody celkem,M,Muž,2018,14542.559057758404379
PK_OLDAGE_S3,Starobní důchody celkem,M,Muž,2019,16050.664818092429414
PK_OLDAGE_S3,Starobní důchody celkem,M,Muž,2020,17095.086062235255667
PK_OLDAGE_S3,Starobní důchody celkem,M,Muž,2021,16932.426398793548287
PK_OLDAGE_S3,Starobní důchody celkem,M,Muž,2022,19877.395534839899483
PK_OLDAGE_S3,Starobní důchody celkem,M,Muž,2023,17436.298683816901757
PK_OLDAGE_S3,Starobní důchody celkem,M,Muž,2024,21120.448339215799933
PK_OLDAGE_S3,Starobní důchody celkem,M,Muž,2025,21825.095855855899572
PK_OLDAGE_S3,Starobní důchody celkem,T,Celkem,2010,11251.67890249458469
PK_OLDAGE_S3,Starobní důchody celkem,T,Celkem,2011,10826.787127237254026
PK_OLDAGE_S3,Starobní důchody celkem,T,Celkem,2012,11277.092757804512075
PK_OLDAGE_S3,Starobní důchody celkem,T,Celkem,2013,11552.159907911460323
PK_OLDAGE_S3,Starobní důchody celkem,T,Celkem,2014,11627.739556618125789
PK_OLDAGE_S3,Starobní důchody celkem,T,Celkem,2015,11994.478101952176075
PK_OLDAGE_S3,Starobní důchody celkem,T,Celkem,2016,12301.940080111175121
PK_OLDAGE_S3,Starobní důchody celkem,T,Celkem,2017,12781.101859646438243
PK_OLDAGE_S3,Starobní důchody celkem,T,Celkem,2018,13574.305537816915603
PK_OLDAGE_S3,Starobní důchody celkem,T,Celkem,2019,15081.123784334509764
PK_OLDAGE_S3,Starobní důchody celkem,T,Celkem,2020,16127.30653536257887
PK_OLDAGE_S3,Starobní důchody celkem,T,Celkem,2021,15945.711119160734597
PK_OLDAGE_S3,Starobní důchody celkem,T,Celkem,2022,18872.112873045298329
PK_OLDAGE_S3,Starobní důchody celkem,T,Celkem,2023,16649.360472276501241
PK_OLDAGE_S3,Starobní důchody celkem,T,Celkem,2024,19950.903634737798711
PK_OLDAGE_S3,Starobní důchody celkem,T,Celkem,2025,21029.463199480498588
PK_OLDAGE_S4,Starobní důchody celkem,F,Žena,2008,9215.0287550136690697
PK_OLDAGE_S4,Starobní důchody celkem,F,Žena,2009,9778.4388595198888652
PK_OLDAGE_S4,Starobní důchody celkem,M,Muž,2008,11068.0
PK_OLDAGE_S4,Starobní důchody celkem,M,Muž,2009,11760.900042611774552
PK_OLDAGE_S4,Starobní důchody celkem,T,Celkem,2008,10139.30219675835724
PK_OLDAGE_S4,Starobní důchody celkem,T,Celkem,2009,10797.48784432650973
PK_PENSIONS_T1,Celkem v ČR,F,Žena,2010,7801.5831886745663724
PK_PENSIONS_T1,Celkem v ČR,F,Žena,2011,8079.4732134474725171
PK_PENSIONS_T1,Celkem v ČR,F,Žena,2012,7052.9493911221679809
PK_PENSIONS_T1,Celkem v ČR,F,Žena,2013,7423.8634283659275752
PK_PENSIONS_T1,Celkem v ČR,F,Žena,2014,7705.4592764869785242
PK_PENSIONS_T1,Celkem v ČR,F,Žena,2015,8233.2919862231919979
PK_PENSIONS_T1,Celkem v ČR,F,Žena,2016,8018.3956692461360944
PK_PENSIONS_T1,Celkem v ČR,F,Žena,2017,8301.0396247450062219
PK_PENSIONS_T1,Celkem v ČR,F,Žena,2018,8766.5878744480251044
PK_PENSIONS_T1,Celkem v ČR,F,Žena,2019,10118.615409243717295
PK_PENSIONS_T1,Celkem v ČR,F,Žena,2020,10014.601447636281591
PK_PENSIONS_T1,Celkem v ČR,F,Žena,2021,9694.8692837832695659
PK_PENSIONS_T1,Celkem v ČR,F,Žena,2022,13352.294268085699514
PK_PENSIONS_T1,Celkem v ČR,F,Žena,2023,10333.016037562099882
PK_PENSIONS_T1,Celkem v ČR,F,Žena,2024,11198.869362446299419
PK_PENSIONS_T1,Celkem v ČR,F,Žena,2025,13239.343417425099688
PK_PENSIONS_T1,Celkem v ČR,M,Muž,2010,10095.523369401864329
PK_PENSIONS_T1,Celkem v ČR,M,Muž,2011,10253.11236097201072
PK_PENSIONS_T1,Celkem v ČR,M,Muž,2012,9715.3776378877319075
PK_PENSIONS_T1,Celkem v ČR,M,Muž,2013,10177.380613827202978
PK_PENSIONS_T1,Celkem v ČR,M,Muž,2014,10380.997697114371476
PK_PENSIONS_T1,Celkem v ČR,M,Muž,2015,10748.091771861523739
PK_PENSIONS_T1,Celkem v ČR,M,Muž,2016,11021.615687131308732
PK_PENSIONS_T1,Celkem v ČR,M,Muž,2017,11265.957587707369385
PK_PENSIONS_T1,Celkem v ČR,M,Muž,2018,11905.840938408107831
PK_PENSIONS_T1,Celkem v ČR,M,Muž,2019,13302.72134408895181
PK_PENSIONS_T1,Celkem v ČR,M,Muž,2020,14201.337482042017655
PK_PENSIONS_T1,Celkem v ČR,M,Muž,2021,13415.227372784678664
PK_PENSIONS_T1,Celkem v ČR,M,Muž,2022,16779.888929172600911
PK_PENSIONS_T1,Celkem v ČR,M,Muž,2023,13342.989169584800038
PK_PENSIONS_T1,Celkem v ČR,M,Muž,2024,15205.923913568900389
PK_PENSIONS_T1,Celkem v ČR,M,Muž,2025,16792.878599765699619
PK_PENSIONS_T1,Celkem v ČR,T,Celkem,2010,8779.0699894973404298
PK_PENSIONS_T1,Celkem v ČR,T,Celkem,2011,8981.6701857562275109
PK_PENSIONS_T1,Celkem v ČR,T,Celkem,2012,8136.0201303828334858
PK_PENSIONS_T1,Celkem v ČR,T,Celkem,2013,8601.1124109735301317
PK_PENSIONS_T1,Celkem v ČR,T,Celkem,2014,8820.1716039907896629
PK_PENSIONS_T1,Celkem v ČR,T,Celkem,2015,9233.1988813167736225
PK_PENSIONS_T1,Celkem v ČR,T,Celkem,2016,9345.8392479533122241
PK_PENSIONS_T1,Celkem v ČR,T,Celkem,2017,9596.1053385352370242
PK_PENSIONS_T1,Celkem v ČR,T,Celkem,2018,10095.690985530778562
PK_PENSIONS_T1,Celkem v ČR,T,Celkem,2019,11465.854887869551021
PK_PENSIONS_T1,Celkem v ČR,T,Celkem,2020,11914.130890506468859
PK_PENSIONS_T1,Celkem v ČR,T,Celkem,2021,11230.110903994682303
PK_PENSIONS_T1,Celkem v ČR,T,Celkem,2022,14808.724272016999748
PK_PENSIONS_T1,Celkem v ČR,T,Celkem,2023,11533.38634543039916
PK_PENSIONS_T1,Celkem v ČR,T,Celkem,2024,12757.994518707500902
PK_PENSIONS_T1,Celkem v ČR,T,Celkem,2025,14570.323509201800334
PK_PENSIONS_T2,Celkem v ČR,F,Žena,2008,7068.1103075045512014
PK_PENSIONS_T2,Celkem v ČR,F,Žena,2009,7656.8401119999998627
PK_PENSIONS_T2,Celkem v ČR,M,Muž,2008,9302.4766836938870256
PK_PENSIONS_T2,Celkem v ČR,M,Muž,2009,10091.238190327612756
PK_PENSIONS_T2,Celkem v ČR,T,Celkem,2008,8023.4541860219596856
PK_PENSIONS_T2,Celkem v ČR,T,Celkem,2009,8736.3942299999998795
PK_S,Starobní důchod S,F,Žena,2008,10116.089860352154574
PK_S,Starobní důchod S,F,Žena,2009,10801.864421742968261
PK_S,Starobní důchod S,F,Žena,2010,11203.399903274445023
PK_S,Starobní důchod S,F,Žena,2011,10993.759040632701726
PK_S,Starobní důchod S,F,Žena,2012,11238.02121403066667
PK_S,Starobní důchod S,F,Žena,2013,11406.827861832714916
PK_S,Starobní důchod S,F,Žena,2014,11391.658909574467543
PK_S,Starobní důchod S,F,Žena,2015,11608.646832203075974
PK_S,Starobní důchod S,F,Žena,2016,11860.088897182309665
PK_S,Starobní důchod S,F,Žena,2017,12401.503133813850582
PK_S,Starobní důchod S,F,Žena,2018,13218.757660792456591
PK_S,Starobní důchod S,F,Žena,2019,14900.707901746078278
PK_S,Starobní důchod S,F,Žena,2020,15964.701243085706665
PK_S,Starobní důchod S,F,Žena,2021,16062.967233009709162
PK_S,Starobní důchod S,F,Žena,2022,19366.944913741801429
PK_S,Starobní důchod S,F,Žena,2023,18806.559202059201198
PK_S,Starobní důchod S,F,Žena,2024,20965.376115557999583
PK_S,Starobní důchod S,F,Žena,2025,22712.280437100198469
PK_S,Starobní důchod S,M,Muž,2008,11743.504848947924984
PK_S,Starobní důchod S,M,Muž,2009,12564.343662193745331
PK_S,Starobní důchod S,M,Muž,2010,12879.989429602888777
PK_S,Starobní důchod S,M,Muž,2011,13059.711940470253467
PK_S,Starobní důchod S,M,Muž,2012,13562.087671763112667
PK_S,Starobní důchod S,M,Muž,2013,13620.147788477232098
PK_S,Starobní důchod S,M,Muž,2014,13538.550473642346333
PK_S,Starobní důchod S,M,Muž,2015,13946.988925661915346
PK_S,Starobní důchod S,M,Muž,2016,14008.981032998564842
PK_S,Starobní důchod S,M,Muž,2017,14633.936513629842011
PK_S,Starobní důchod S,M,Muž,2018,15552.890910905582132
PK_S,Starobní důchod S,M,Muž,2019,17239.436936356607475
PK_S,Starobní důchod S,M,Muž,2020,18331.481221815105528
PK_S,Starobní důchod S,M,Muž,2021,18396.100232558139396
PK_S,Starobní důchod S,M,Muž,2022,21541.429045351600507
PK_S,Starobní důchod S,M,Muž,2023,20731.637666532100411
PK_S,Starobní důchod S,M,Muž,2024,23107.104435957699025
PK_S,Starobní důchod S,M,Muž,2025,24694.085077168099815
PK_S,Starobní důchod S,T,Celkem,2008,10963.86740864346757
PK_S,Starobní důchod S,T,Celkem,2009,11763.466954167084623
PK_S,Starobní důchod S,T,Celkem,2010,12035.375257968355072
PK_S,Starobní důchod S,T,Celkem,2011,11877.182715806393389
PK_S,Starobní důchod S,T,Celkem,2012,12447.575141015309782
PK_S,Starobní důchod S,T,Celkem,2013,12598.323814962877805
PK_S,Starobní důchod S,T,Celkem,2014,12507.25517604178458
PK_S,Starobní důchod S,T,Celkem,2015,12668.643975130191393
PK_S,Starobní důchod S,T,Celkem,2016,13074.930180874362122
PK_S,Starobní důchod S,T,Celkem,2017,13619.815235959855272
PK_S,Starobní důchod S,T,Celkem,2018,14454.284247600598974
PK_S,Starobní důchod S,T,Celkem,2019,16082.192453505589583
PK_S,Starobní důchod S,T,Celkem,2020,17451.053941633294016
PK_S,Starobní důchod S,T,Celkem,2021,17355.678280589629139
PK_S,Starobní důchod S,T,Celkem,2022,20462.891417668201029
PK_S,Starobní důchod S,T,Celkem,2023,19989.496278839000297
PK_S,Starobní důchod S,T,Celkem,2024,22156.381743924899638
PK_S,Starobní důchod S,T,Celkem,2025,23688.35956393539891
PK_SD,Starobní důchod SD,F,Žena,2008,8739.8803418803418026
PK_SD,Starobní důchod SD,F,Žena,2009,0.0
PK_SD,Starobní důchod SD,F,Žena,2010,0.0
PK_SD,Starobní důchod SD,F,Žena,2011,0.0
PK_SD,Starobní důchod SD,F,Žena,2012,0.0
PK_SD,Starobní důchod SD,F,Žena,2013,0.0
PK_SD,Starobní důchod SD,F,Žena,2014,0.0
PK_SD,Starobní důchod SD,F,Žena,2015,0.0
PK_SD,Starobní důchod SD,F,Žena,2016,0.0
PK_SD,Starobní důchod SD,F,Žena,2017,0.0
PK_SD,Starobní důchod SD,F,Žena,2018,0.0
PK_SD,Starobní důchod SD,F,Žena,2019,0.0
PK_SD,Starobní důchod SD,F,Žena,2020,0.0
PK_SD,Starobní důchod SD,F,Žena,2021,0.0
PK_SD,Starobní důchod SD,F,Žena,2022,0.0
PK_SD,Starobní důchod SD,F,Žena,2023,0.0
PK_SD,Starobní důchod SD,F,Žena,2024,0.0
PK_SD,Starobní důchod SD,F,Žena,2025,0.0
PK_SD,Starobní důchod SD,M,Muž,2008,10588.590163934426528
PK_SD,Starobní důchod SD,M,Muž,2009,0.0
PK_SD,Starobní důchod SD,M,Muž,2010,12588.0
PK_SD,Starobní důchod SD,M,Muž,2011,0.0
PK_SD,Starobní důchod SD,M,Muž,2012,0.0
PK_SD,Starobní důchod SD,M,Muž,2013,0.0
PK_SD,Starobní důchod SD,M,Muž,2014,0.0
PK_SD,Starobní důchod SD,M,Muž,2015,0.0
PK_SD,Starobní důchod SD,M,Muž,2016,0.0
PK_SD,Starobní důchod SD,M,Muž,2017,0.0
PK_SD,Starobní důchod SD,M,Muž,2018,0.0
PK_SD,Starobní důchod SD,M,Muž,2019,0.0
PK_SD,Starobní důchod SD,M,Muž,2020,0.0
PK_SD,Starobní důchod SD,M,Muž,2021,0.0
PK_SD,Starobní důchod SD,M,Muž,2022,0.0
PK_SD,Starobní důchod SD,M,Muž,2023,0.0
PK_SD,Starobní důchod SD,M,Muž,2024,0.0
PK_SD,Starobní důchod SD,M,Muž,2025,0.0
PK_SD,Starobní důchod SD,T,Celkem,2008,9373.4269662921342388
PK_SD,Starobní důchod SD,T,Celkem,2009,0.0
PK_SD,Starobní důchod SD,T,Celkem,2010,12588.0
PK_SD,Starobní důchod SD,T,Celkem,2011,0.0
PK_SD,Starobní důchod SD,T,Celkem,2012,0.0
PK_SD,Starobní důchod SD,T,Celkem,2013,0.0
PK_SD,Starobní důchod SD,T,Celkem,2014,0.0
PK_SD,Starobní důchod SD,T,Celkem,2015,0.0
PK_SD,Starobní důchod SD,T,Celkem,2016,0.0
PK_SD,Starobní důchod SD,T,Celkem,2017,0.0
PK_SD,Starobní důchod SD,T,Celkem,2018,0.0
PK_SD,Starobní důchod SD,T,Celkem,2019,0.0
PK_SD,Starobní důchod SD,T,Celkem,2020,0.0
PK_SD,Starobní důchod SD,T,Celkem,2021,0.0
PK_SD,Starobní důchod SD,T,Celkem,2022,0.0
PK_SD,Starobní důchod SD,T,Celkem,2023,0.0
PK_SD,Starobní důchod SD,T,Celkem,2024,0.0
PK_SD,Starobní důchod SD,T,Celkem,2025,0.0
PK_SI,Starobní důchod SI,F,Žena,2010,8750.7449643631862273
PK_SI,Starobní důchod SI,F,Žena,2011,9236.1618534482749965
PK_SI,Starobní důchod SI,F,Žena,2012,9464.2160968113712443
PK_SI,Starobní důchod SI,F,Žena,2013,9665.0319521748097031
PK_SI,Starobní důchod SI,F,Žena,2014,9778.0285046728968155
PK_SI,Starobní důchod SI,F,Žena,2015,10079.195676905574146
PK_SI,Starobní důchod SI,F,Žena,2016,10145.966932457786243
PK_SI,Starobní důchod SI,F,Žena,2017,10432.651880424300543
PK_SI,Starobní důchod SI,F,Žena,2018,10860.488654353561287
PK_SI,Starobní důchod SI,F,Žena,2019,11518.658383534137101
PK_SI,Starobní důchod SI,F,Žena,2020,12254.179950495048615
PK_SI,Starobní důchod SI,F,Žena,2021,12601.486274509803479
PK_SI,Starobní důchod SI,F,Žena,2022,13218.733518565299164
PK_SI,Starobní důchod SI,F,Žena,2023,14107.149262201999591
PK_SI,Starobní důchod SI,F,Žena,2024,14713.001240310099092
PK_SI,Starobní důchod SI,F,Žena,2025,15165.000311720699756
PK_SI,Starobní důchod SI,M,Muž,2010,10801.59905127626007
PK_SI,Starobní důchod SI,M,Muž,2011,11222.374045801527245
PK_SI,Starobní důchod SI,M,Muž,2012,11394.137184115523269
PK_SI,Starobní důchod SI,M,Muž,2013,11526.918717224687498
PK_SI,Starobní důchod SI,M,Muž,2014,11706.035464535463689
PK_SI,Starobní důchod SI,M,Muž,2015,11843.329919009051082
PK_SI,Starobní důchod SI,M,Muž,2016,11792.726431181485168
PK_SI,Starobní důchod SI,M,Muž,2017,11864.70291117193301
PK_SI,Starobní důchod SI,M,Muž,2018,11954.115300546447543
PK_SI,Starobní důchod SI,M,Muž,2019,12492.796208530806325
PK_SI,Starobní důchod SI,M,Muž,2020,13000.484648493544228
PK_SI,Starobní důchod SI,M,Muž,2021,13673.278272980502152
PK_SI,Starobní důchod SI,M,Muž,2022,14914.813013698600116
PK_SI,Starobní důchod SI,M,Muž,2023,16696.152902902900678
PK_SI,Starobní důchod SI,M,Muž,2024,18351.159154275101173
PK_SI,Starobní důchod SI,M,Muž,2025,18220.719725638598902
PK_SI,Starobní důchod SI,T,Celkem,2010,9936.9392474523119745
PK_SI,Starobní důchod SI,T,Celkem,2011,10301.784237338926687
PK_SI,Starobní důchod SI,T,Celkem,2012,10459.168900055834456
PK_SI,Starobní důchod SI,T,Celkem,2013,10606.130390457743488
PK_SI,Starobní důchod SI,T,Celkem,2014,10709.914051183002812
PK_SI,Starobní důchod SI,T,Celkem,2015,10941.040847201209544
PK_SI,Starobní důchod SI,T,Celkem,2016,10953.703548811088694
PK_SI,Starobní důchod SI,T,Celkem,2017,11137.367576833597923
PK_SI,Starobní důchod SI,T,Celkem,2018,11397.760268456375343
PK_SI,Starobní důchod SI,T,Celkem,2019,11965.491168478260079
PK_SI,Starobní důchod SI,T,Celkem,2020,12599.810764119602027
PK_SI,Starobní důchod SI,T,Celkem,2021,13103.14641460234634
PK_SI,Starobní důchod SI,T,Celkem,2022,14109.587120757900266
PK_SI,Starobní důchod SI,T,Celkem,2023,15482.901728723400083
PK_SI,Starobní důchod SI,T,Celkem,2024,16792.776995616899512
PK_SI,Starobní důchod SI,T,Celkem,2025,16902.437331898898265
PK_SR,Starobní důchod SR,F,Žena,2008,0.0
PK_SR,Starobní důchod SR,F,Žena,2009,0.0
PK_SR,Starobní důchod SR,F,Žena,2010,0.0
PK_SR,Starobní důchod SR,F,Žena,2011,0.0
PK_SR,Starobní důchod SR,F,Žena,2012,0.0
PK_SR,Starobní důchod SR,F,Žena,2013,0.0
PK_SR,Starobní důchod SR,F,Žena,2014,0.0
PK_SR,Starobní důchod SR,F,Žena,2015,0.0
PK_SR,Starobní důchod SR,F,Žena,2016,0.0
PK_SR,Starobní důchod SR,F,Žena,2017,0.0
PK_SR,Starobní důchod SR,F,Žena,2018,0.0
PK_SR,Starobní důchod SR,F,Žena,2019,0.0
PK_SR,Starobní důchod SR,F,Žena,2020,0.0
PK_SR,Starobní důchod SR,F,Žena,2021,0.0
PK_SR,Starobní důchod SR,F,Žena,2022,0.0
PK_SR,Starobní důchod SR,F,Žena,2023,0.0
PK_SR,Starobní důchod SR,F,Žena,2024,0.0
PK_SR,Starobní důchod SR,F,Žena,2025,0.0
PK_SR,Starobní důchod SR,M,Muž,2008,0.0
PK_SR,Starobní důchod SR,M,Muž,2009,0.0
PK_SR,Starobní důchod SR,M,Muž,2010,0.0
PK_SR,Starobní důchod SR,M,Muž,2011,0.0
PK_SR,Starobní důchod SR,M,Muž,2012,0.0
PK_SR,Starobní důchod SR,M,Muž,2013,0.0
PK_SR,Starobní důchod SR,M,Muž,2014,0.0
PK_SR,Starobní důchod SR,M,Muž,2015,0.0
PK_SR,Starobní důchod SR,M,Muž,2016,0.0
PK_SR,Starobní důchod SR,M,Muž,2017,0.0
PK_SR,Starobní důchod SR,M,Muž,2018,0.0
PK_SR,Starobní důchod SR,M,Muž,2019,0.0
PK_SR,Starobní důchod SR,M,Muž,2020,0.0
PK_SR,Starobní důchod SR,M,Muž,2021,0.0
PK_SR,Starobní důchod SR,M,Muž,2022,0.0
PK_SR,Starobní důchod SR,M,Muž,2023,0.0
PK_SR,Starobní důchod SR,M,Muž,2024,0.0
PK_SR,Starobní důchod SR,M,Muž,2025,0.0
PK_SR,Starobní důchod SR,T,Celkem,2008,0.0
PK_SR,Starobní důchod SR,T,Celkem,2009,0.0
PK_SR,Starobní důchod SR,T,Celkem,2010,0.0
PK_SR,Starobní důchod SR,T,Celkem,2011,0.0
PK_SR,Starobní důchod SR,T,Celkem,2012,0.0
PK_SR,Starobní důchod SR,T,Celkem,2013,0.0
PK_SR,Starobní důchod SR,T,Celkem,2014,0.0
PK_SR,Starobní důchod SR,T,Celkem,2015,0.0
PK_SR,Starobní důchod SR,T,Celkem,2016,0.0
PK_SR,Starobní důchod SR,T,Celkem,2017,0.0
PK_SR,Starobní důchod SR,T,Celkem,2018,0.0
PK_SR,Starobní důchod SR,T,Celkem,2019,0.0
PK_SR,Starobní důchod SR,T,Celkem,2020,0.0
PK_SR,Starobní důchod SR,T,Celkem,2021,0.0
PK_SR,Starobní důchod SR,T,Celkem,2022,0.0
PK_SR,Starobní důchod SR,T,Celkem,2023,0.0
PK_SR,Starobní důchod SR,T,Celkem,2024,0.0
PK_SR,Starobní důchod SR,T,Celkem,2025,0.0
PK_SRN,Starobní důchod SRN,F,Žena,2008,2659.709183673469397
PK_SRN,Starobní důchod SRN,F,Žena,2009,2760.7647058823531552
PK_SRN,Starobní důchod SRN,F,Žena,2010,3202.0
PK_SRN,Starobní důchod SRN,F,Žena,2011,2874.4375
PK_SRN,Starobní důchod SRN,F,Žena,2012,2828.9560439560441409
PK_SRN,Starobní důchod SRN,F,Žena,2013,2753.1758241758243457
PK_SRN,Starobní důchod SRN,F,Žena,2014,2593.7977528089886619
PK_SRN,Starobní důchod SRN,F,Žena,2015,3230.5783132530118564
PK_SRN,Starobní důchod SRN,F,Žena,2016,3115.3829787234044488
PK_SRN,Starobní důchod SRN,F,Žena,2017,3162.2300000000000182
PK_SRN,Starobní důchod SRN,F,Žena,2018,3557.3069306930692619
PK_SRN,Starobní důchod SRN,F,Žena,2019,4335.90625
PK_SRN,Starobní důchod SRN,F,Žena,2020,4275.9102564102568067
PK_SRN,Starobní důchod SRN,F,Žena,2021,4824.4711538461542659
PK_SRN,Starobní důchod SRN,F,Žena,2022,5457.3125
PK_SRN,Starobní důchod SRN,F,Žena,2023,6717.6420824295000784
PK_SRN,Starobní důchod SRN,F,Žena,2024,7204.4312977099198179
PK_SRN,Starobní důchod SRN,F,Žena,2025,8166.372424722660071
PK_SRN,Starobní důchod SRN,M,Muž,2008,3527.4875000000001819
PK_SRN,Starobní důchod SRN,M,Muž,2009,3667.633802816901607
PK_SRN,Starobní důchod SRN,M,Muž,2010,5220.0
PK_SRN,Starobní důchod SRN,M,Muž,2011,3924.4782608695650197
PK_SRN,Starobní důchod SRN,M,Muž,2012,3376.1081081081078992
PK_SRN,Starobní důchod SRN,M,Muž,2013,3289.1090909090908099
PK_SRN,Starobní důchod SRN,M,Muž,2014,3685.2909090909092811
PK_SRN,Starobní důchod SRN,M,Muž,2015,3694.7283950617284063
PK_SRN,Starobní důchod SRN,M,Muž,2016,3705.2567567567566584
PK_SRN,Starobní důchod SRN,M,Muž,2017,4228.1974522292994152
PK_SRN,Starobní důchod SRN,M,Muž,2018,4723.4932126696830892
PK_SRN,Starobní důchod SRN,M,Muž,2019,5703.721126760563493
PK_SRN,Starobní důchod SRN,M,Muž,2020,6149.6391982182631182
PK_SRN,Starobní důchod SRN,M,Muž,2021,6591.6804915514594541
PK_SRN,Starobní důchod SRN,M,Muž,2022,7500.8542944785303916
PK_SRN,Starobní důchod SRN,M,Muž,2023,8334.4142857142796856
PK_SRN,Starobní důchod SRN,M,Muž,2024,8206.2820809248605656
PK_SRN,Starobní důchod SRN,M,Muž,2025,9183.7614931237694691
PK_SRN,Starobní důchod SRN,T,Celkem,2008,2911.2391304347825098
PK_SRN,Starobní důchod SRN,T,Celkem,2009,2981.2705479452056352
PK_SRN,Starobní důchod SRN,T,Celkem,2010,4297.4857142857144936
PK_SRN,Starobní důchod SRN,T,Celkem,2011,3214.5915492957747119
PK_SRN,Starobní důchod SRN,T,Celkem,2012,2987.1171875
PK_SRN,Starobní důchod SRN,T,Celkem,2013,2955.0684931506848443
PK_SRN,Starobní důchod SRN,T,Celkem,2014,3010.6875
PK_SRN,Starobní důchod SRN,T,Celkem,2015,3459.8231707317072505
PK_SRN,Starobní důchod SRN,T,Celkem,2016,3375.2083333333334849
PK_SRN,Starobní důchod SRN,T,Celkem,2017,3813.424124513618608
PK_SRN,Starobní důchod SRN,T,Celkem,2018,4357.701863354037414
PK_SRN,Starobní důchod SRN,T,Celkem,2019,5341.2360248447203048
PK_SRN,Starobní důchod SRN,T,Celkem,2020,5666.4958677685954171
PK_SRN,Starobní důchod SRN,T,Celkem,2021,6019.1266874350985745
PK_SRN,Starobní důchod SRN,T,Celkem,2022,6828.0833333333303017
PK_SRN,Starobní důchod SRN,T,Celkem,2023,7692.4401378122302049
PK_SRN,Starobní důchod SRN,T,Celkem,2024,7828.3340532757401888
PK_SRN,Starobní důchod SRN,T,Celkem,2025,8749.8008111761992041
PK_ST,Starobní důchod ST,F,Žena,2008,7763.8767493380883025
PK_ST,Starobní důchod ST,F,Žena,2009,8578.4986800217411655
PK_ST,Starobní důchod ST,F,Žena,2010,8804.8733236050302366
PK_ST,Starobní důchod ST,F,Žena,2011,9119.3007186142549472
PK_ST,Starobní důchod ST,F,Žena,2012,8521.7328393135721853
PK_ST,Starobní důchod ST,F,Žena,2013,9302.1288045540804887
PK_ST,Starobní důchod ST,F,Žena,2014,9480.8215432984761719
PK_ST,Starobní důchod ST,F,Žena,2015,9745.9183006535949971
PK_ST,Starobní důchod ST,F,Žena,2016,10094.948748960616285
PK_ST,Starobní důchod ST,F,Žena,2017,10678.201007515071979
PK_ST,Starobní důchod ST,F,Žena,2018,11249.236979405033708
PK_ST,Starobní důchod ST,F,Žena,2019,12686.559172600882448
PK_ST,Starobní důchod ST,F,Žena,2020,14129.669740887131411
PK_ST,Starobní důchod ST,F,Žena,2021,13799.516791385289253
PK_ST,Starobní důchod ST,F,Žena,2022,16822.197374962699541
PK_ST,Starobní důchod ST,F,Žena,2023,15771.742254901999331
PK_ST,Starobní důchod ST,F,Žena,2024,15671.371187063599791
PK_ST,Starobní důchod ST,F,Žena,2025,18286.740256343200599
PK_ST,Starobní důchod ST,M,Muž,2008,9645.427554199250153
PK_ST,Starobní důchod ST,M,Muž,2009,10447.861441567529255
PK_ST,Starobní důchod ST,M,Muž,2010,10667.699541284404404
PK_ST,Starobní důchod ST,M,Muž,2011,10965.158343731696732
PK_ST,Starobní důchod ST,M,Muž,2012,10484.148498910881244
PK_ST,Starobní důchod ST,M,Muž,2013,11046.887939221272973
PK_ST,Starobní důchod ST,M,Muž,2014,11210.998601843024517
PK_ST,Starobní důchod ST,M,Muž,2015,11655.084604096216935
PK_ST,Starobní důchod ST,M,Muž,2016,11909.523005604372884
PK_ST,Starobní důchod ST,M,Muž,2017,12378.168385345998104
PK_ST,Starobní důchod ST,M,Muž,2018,13183.421572185527111
PK_ST,Starobní důchod ST,M,Muž,2019,14729.996079895463481
PK_ST,Starobní důchod ST,M,Muž,2020,16147.293339687834305
PK_ST,Starobní důchod ST,M,Muž,2021,15958.220744283366002
PK_ST,Starobní důchod ST,M,Muž,2022,19353.369629145599902
PK_ST,Starobní důchod ST,M,Muž,2023,16764.107321291299741
PK_ST,Starobní důchod ST,M,Muž,2024,19033.7597471022018
PK_ST,Starobní důchod ST,M,Muž,2025,20083.511552346601093
PK_ST,Starobní důchod ST,T,Celkem,2008,8628.3151361140317022
PK_ST,Starobní důchod ST,T,Celkem,2009,9457.5474682242602285
PK_ST,Starobní důchod ST,T,Celkem,2010,9776.6857446737794817
PK_ST,Starobní důchod ST,T,Celkem,2011,10066.037172002141233
PK_ST,Starobní důchod ST,T,Celkem,2012,9517.2239250540478679
PK_ST,Starobní důchod ST,T,Celkem,2013,10223.475624171651361
PK_ST,Starobní důchod ST,T,Celkem,2014,10377.361621550418931
PK_ST,Starobní důchod ST,T,Celkem,2015,10762.19936827089623
PK_ST,Starobní důchod ST,T,Celkem,2016,11042.352900801965006
PK_ST,Starobní důchod ST,T,Celkem,2017,11611.476703042942972
PK_ST,Starobní důchod ST,T,Celkem,2018,12327.986114484656355
PK_ST,Starobní důchod ST,T,Celkem,2019,13865.016650518535243
PK_ST,Starobní důchod ST,T,Celkem,2020,15241.986797162375296
PK_ST,Starobní důchod ST,T,Celkem,2021,14986.360517666393207
PK_ST,Starobní důchod ST,T,Celkem,2022,18211.793802412699733
PK_ST,Starobní důchod ST,T,Celkem,2023,16272.932841614900099
PK_ST,Starobní důchod ST,T,Celkem,2024,17053.015154795401031
PK_ST,Starobní důchod ST,T,Celkem,2025,19041.640376156501588
PK_WIDOWERS_S1,Vdovecké důchody celkem,M,Muž,2010,2440.2502986209142364
PK_WIDOWERS_S1,Vdovecké důchody celkem,M,Muž,2011,2512.611384245602494
PK_WIDOWERS_S1,Vdovecké důchody celkem,M,Muž,2012,2480.438106407932537
PK_WIDOWERS_S1,Vdovecké důchody celkem,M,Muž,2013,2548.683286967686854
PK_WIDOWERS_S1,Vdovecké důchody celkem,M,Muž,2014,2564.5399299672426423
PK_WIDOWERS_S1,Vdovecké důchody celkem,M,Muž,2015,2559.2730339447612096
PK_WIDOWERS_S1,Vdovecké důchody celkem,M,Muž,2016,2614.9925753546099259
PK_WIDOWERS_S1,Vdovecké důchody celkem,M,Muž,2017,2630.1238562091502899
PK_WIDOWERS_S1,Vdovecké důchody celkem,M,Muž,2018,2742.6099476439790124
PK_WIDOWERS_S1,Vdovecké důchody celkem,M,Muž,2019,2888.6635700066358368
PK_WIDOWERS_S1,Vdovecké důchody celkem,M,Muž,2020,3088.291780821917655
PK_WIDOWERS_S1,Vdovecké důchody celkem,M,Muž,2021,3301.604783375808438
PK_WIDOWERS_S1,Vdovecké důchody celkem,M,Muž,2022,3860.5019933933199354
PK_WIDOWERS_S1,Vdovecké důchody celkem,M,Muž,2023,4377.2552102832896708
PK_WIDOWERS_S1,Vdovecké důchody celkem,M,Muž,2024,4560.5899761877799392
PK_WIDOWERS_S1,Vdovecké důchody celkem,M,Muž,2025,4742.5505234678303168
PK_WIDOWERS_S2,Vdovecké důchody celkem,M,Muž,2008,2322.4669439579683967
PK_WIDOWERS_S2,Vdovecké důchody celkem,M,Muž,2009,2386.0464965397923152
PK_WIDOWS_S1,Vdovské důchody celkem,F,Žena,2010,3303.0697741539793242
PK_WIDOWS_S1,Vdovské důchody celkem,F,Žena,2011,3401.4212050777759941
PK_WIDOWS_S1,Vdovské důchody celkem,F,Žena,2012,3434.7969815855512934
PK_WIDOWS_S1,Vdovské důchody celkem,F,Žena,2013,3474.0597246187976452
PK_WIDOWS_S1,Vdovské důchody celkem,F,Žena,2014,3495.6886900912554665
PK_WIDOWS_S1,Vdovské důchody celkem,F,Žena,2015,3513.8735295132300962
PK_WIDOWS_S1,Vdovské důchody celkem,F,Žena,2016,3549.9027583485776631
PK_WIDOWS_S1,Vdovské důchody celkem,F,Žena,2017,3681.7539371507364194
PK_WIDOWS_S1,Vdovské důchody celkem,F,Žena,2018,3855.0646851277665519
PK_WIDOWS_S1,Vdovské důchody celkem,F,Žena,2019,4157.2198157366819942
PK_WIDOWS_S1,Vdovské důchody celkem,F,Žena,2020,4446.9809697881946704
PK_WIDOWS_S1,Vdovské důchody celkem,F,Žena,2021,4746.7794410871501896
PK_WIDOWS_S1,Vdovské důchody celkem,F,Žena,2022,5512.2950349827196987
PK_WIDOWS_S1,Vdovské důchody celkem,F,Žena,2023,5981.1876570088797962
PK_WIDOWS_S1,Vdovské důchody celkem,F,Žena,2024,6124.7475311949801835
PK_WIDOWS_S1,Vdovské důchody celkem,F,Žena,2025,6250.1424820449401523
PK_WIDOWS_S2,Vdovské důchody celkem,F,Žena,2008,3131.7495560133552317
PK_WIDOWS_S2,Vdovské důchody celkem,F,Žena,2009,3276.6663105032589556
